Var1,Var2
bias_x,-0.200229652317881
bias_y,0.0350988418874172
bias_z,9.63111099751655
